--- created_at을 내림차순으로 했을때 id 순서:
INSERT INTO product_summary (id, name, price, stock_quantity, created_at, updated_at)
VALUES (1, 'Apple iPhone 15 Pro', 7000, 30, '2025-08-12 09:00:00', '2025-08-15 10:00:00'),
       (2, 'Samsung Galaxy S24 Ultra', 2000, 100, '2025-01-02 10:00:00', '2025-01-02 10:00:00'),
       (3, 'LG OLED TV 65인치', 10000, 20, '2025-10-01 12:00:00', '2025-10-05 13:00:00'),
       (4, 'Dyson V15 무선청소기', 4000, 80, '2025-04-05 14:00:00', '2025-04-10 16:00:00'),
       (5, 'Apple iPad Pro 12.9', 1000, 60, '2025-06-15 13:00:00', '2025-06-20 15:00:00'),
       (6, 'Sony WH-1000XM5 헤드폰', 8000, 10, '2025-03-01 08:00:00', '2025-03-01 08:00:00'),
       (7, 'Nintendo Switch OLED', 3000, 90, '2025-09-10 08:00:00', '2025-09-10 08:00:00'),
       (8, 'Canon EOS R6 Mark II', 6000, 70, '2025-07-01 10:00:00', '2025-07-01 10:00:00'),
       (9, 'Bose QuietComfort Ultra', 9000, 40, '2025-02-10 09:00:00', '2025-02-15 12:00:00'),
       (10, 'Apple Watch Ultra 2', 5000, 50, '2025-05-20 11:00:00', '2025-05-20 11:00:00');

--- 최근 n일간 주문횟수가 많은 m개의 상품 조회를 위한 샘플 데이터 (9000번대 member)
INSERT INTO member (id, email, pwd, member_type, created_at, updated_at)
VALUES (9001, 'jackson@pizza.com', 'password123', 'GENERAL', '2025-01-01 10:00:00', '2025-01-01 10:00:00'),
       (9002, 'samuel@chicken.com', 'password123', 'GENERAL', '2025-01-02 11:00:00', '2025-01-02 11:00:00');

-- 주문 요약 샘플 (order_summary)
INSERT INTO order_summary (id, member_id, created_at, updated_at)
VALUES (1, 9001, '2025-09-18 09:00:00', '2025-09-18 09:00:00'),
       (2, 9002, '2025-09-18 10:00:00', '2025-09-18 10:00:00'),
       (3, 9001, '2025-09-17 09:00:00', '2025-09-17 09:00:00'),
       (4, 9002, '2025-09-17 10:00:00', '2025-09-17 10:00:00'),
       (5, 9001, '2025-09-16 09:00:00', '2025-09-16 09:00:00'),
       (6, 9002, '2025-09-16 10:00:00', '2025-09-16 10:00:00'),
       (7, 9001, '2025-09-18 11:00:00', '2025-09-18 11:00:00'),
       (8, 9002, '2025-09-17 11:00:00', '2025-09-17 11:00:00'),
       (9, 9001, '2025-09-16 11:00:00', '2025-09-16 11:00:00'),
       (10, 9002, '2025-09-18 12:00:00', '2025-09-18 12:00:00');

-- 주문 상세 샘플 (order_item)
INSERT INTO order_item (id, order_summary_id, product_summary_id, quantity, price, created_at, updated_at)
VALUES (1, 1, 4, 1, 7000, '2025-09-18 09:00:00', '2025-09-18 09:00:00'),
       (2, 2, 4, 1, 7000, '2025-09-18 10:00:00', '2025-09-18 10:00:00'),
       (3, 3, 4, 1, 7000, '2025-09-17 09:00:00', '2025-09-17 09:00:00'),
       (4, 4, 4, 1, 7000, '2025-09-16 09:00:00', '2025-09-16 09:00:00'),
       (5, 5, 10, 1, 2000, '2025-09-18 09:00:00', '2025-09-18 09:00:00'),
       (6, 6, 10, 1, 2000, '2025-09-17 09:00:00', '2025-09-17 09:00:00'),
       (7, 7, 2, 1, 2000, '2025-09-16 09:00:00', '2025-09-16 09:00:00'),
       (8, 8, 3, 1, 10000, '2025-09-18 09:00:00', '2025-09-18 09:00:00'),
       (9, 9, 3, 1, 10000, '2025-09-17 09:00:00', '2025-09-17 09:00:00'),
       (10, 10, 3, 1, 10000, '2025-09-16 09:00:00', '2025-09-16 09:00:00'),
       (11, 1, 1, 1, 4000, '2025-09-18 09:00:00', '2025-09-18 09:00:00'),
       (12, 2, 1, 1, 4000, '2025-09-17 09:00:00', '2025-09-17 09:00:00'),
       (13, 3, 5, 1, 1000, '2025-09-18 09:00:00', '2025-09-18 09:00:00'),
       (15, 5, 6, 1, 8000, '2025-09-18 09:00:00', '2025-09-18 09:00:00'),
       (16, 6, 7, 1, 3000, '2025-09-17 09:00:00', '2025-09-17 09:00:00'),
       (17, 7, 8, 1, 6000, '2025-09-16 09:00:00', '2025-09-16 09:00:00'),
       (18, 8, 9, 1, 9000, '2025-09-18 09:00:00', '2025-09-18 09:00:00'),
       (19, 9, 10, 1, 5000, '2025-09-17 09:00:00', '2025-09-17 09:00:00');
